{
    "test_accuracy": 0.92935,
    "precision_filled": 0.8481510239735999,
    "recall_filled": 0.87385
}